/* CREATE POPI INFO FROM POIK*/
SET FOREIGN_KEY_CHECKS=0;

INSERT INTO `accountgroups` (`groupname`, `sectioninaccounts`, `pandl`, `sequenceintb`, `parentgroupname`) VALUES
('Banks PI', 100, 0, 250, 'Kas');

INSERT INTO `bankaccounts` (`accountcode`, `currcode`, `invoice`, `bankaccountcode`, `bankaccountname`, `bankaccountnumber`, `bankaddress`, `importformat`) VALUES
('111121100PI', 'IDR', 0, 'Retail Partner PI', 'PI - Bank Mandiri - IDR', '---', '', ''),
('111121110PI', 'IDR', 0, 'Retail Partner PI', 'PI - Bank BCA - IDR', '---', '', '');

INSERT INTO `bankaccountusers` (`accountcode`, `userid`) VALUES
('111121110PI', 'Ricard'),
('111121110PI', 'Febri'),
('111121110PI', 'Revi'),
('111121110PI', 'Ike1'),
('111121100PI', 'Ricard'),
('111121100PI', 'Ike1'),
('111121100PI', 'Revi'),
('111121100PI', 'Febri'),
('111121110PI', 'Marcel'),
('111121100PI', 'Marcel'),
('111121110PI', 'winda'),
('111121100PI', 'winda');

INSERT INTO `chartmaster` (`accountcode`, `accountname`, `group_`, `cashflowsactivity`, `controlled`) VALUES
('111121100PI', 'Bank Mandiri IDR - PI', 'Banks PI', -1, 0),
('111121110PI', 'Bank BCA IDR - PI', 'Banks PI', 0, 0),
('123111300PI', 'Peralatan / Inventaris - PI', 'Aktiva', -1, 0),
('125900000PI', 'Kontrak Lokasi - PI', 'Aktiva', 0, 0),
('211030200PI', 'Hutang Kontrak Lokasi - PI', 'Hutang', -1, 0),
('310110100PI', 'Modal Dasar (Social Capital) - PI', 'Modal', -1, 0),
('310110200PI', 'Hutang Modal - PI', 'Modal', -1, 0),
('410000000PI', 'Penjualan Retail - Cash - PI', 'Penjualan', -1, 0),
('410000010PI', 'Penjualan Retail - Credit Card - PI', 'Penjualan', -1, 0),
('510010000PI', 'HPP (COGS) - PI', 'HPP (COGS)', -1, 0),
('510010005PI', 'HPP (COGS - Consignment) - PI', 'Clustering', 0, 0),
('510010100PI', 'HPP (COGS) - Shop Packaging - PI', 'HPP (COGS)', -1, 0),
('510500010PI', 'HPP (COGS) - Shop Consumables - PI', 'HPP (COGS)', -1, 0),
('611011100PI', 'Biaya Gaji - PI', 'Biaya Karyawan', -1, 0),
('611011300PI', 'Biaya Uang Bensin Karyawan - PI', 'Biaya Karyawan', -1, 0),
('611011400PI', 'Biaya Uang Makan Karyawan - PI', 'Biaya Karyawan', -1, 0),
('611011600PI', 'Biaya Lembur/Overtime - PI', 'Biaya Karyawan', -1, 0),
('611011700PI', 'Biaya Asuransi/Jamsostek - PI', 'Biaya Karyawan', -1, 0),
('611011800PI', 'Biaya THR Karyawan - PI', 'Biaya Karyawan', -1, 0),
('611011900PI', 'Biaya Outsourcing - PI', 'Biaya Karyawan', -1, 0),
('611012020PI', 'Biaya PPH 4(2) - PI', 'Pajak Penghasilan', -1, 0),
('611012030PI', 'Biaya PPN - PI', 'Pajak Penjualan', -1, 0),
('611012100PI', 'Biaya Recruitment and Training - PI', 'Biaya Karyawan', -1, 0),
('612011100PI', 'Biaya Iklan and Promosi - PI', 'Biaya Marketing', -1, 0),
('612011200PI', 'Biaya Komisi - Bonus Karyawan - PI', 'Biaya Karyawan', -1, 0),
('612011705PI', 'Biaya Packaging - PI', 'Biaya General', -1, 0),
('612019000PI', 'Biaya Marketing Lain-Lain - PI', 'Biaya Marketing', -1, 0),
('613011100PI', 'Biaya Perbaikan Bangunan - PI', 'Penyusutan Aktiva', -1, 0),
('613011200PI', 'Biaya Perbaikan Peralatan  (Hw/Sw) - PI', 'Penyusutan Aktiva', -1, 0),
('613019000PI', 'Biaya Perbaikan Inventaris - PI', 'Penyusutan Aktiva', -1, 0),
('614011100PI', 'Biaya Telpon - Internet - PI', 'Biaya General', -1, 0),
('614011200PI', 'Biaya IT (web services) - PI', 'Biaya General', -1, 0),
('614011400PI', 'Biaya ListrPI - PI', 'Biaya General', -1, 0),
('614011510PI', 'Biaya Air PDAM - PI', 'Biaya General', -1, 0),
('614011550PI', 'Biaya Pembersih - PI', 'Biaya General', -1, 0),
('614011600PI', 'Biaya/Penyusutan Sewa - PI', 'Penyusutan Aktiva', -1, 0),
('614011800PI', 'Biaya Konsultan Bisnis/Pajak/Notaris - PI', 'Biaya General', -1, 0),
('614011810PI', 'Biaya Asuransi - PI', 'Biaya General', -1, 0),
('614012000PI', 'Biaya Maintenance - PI', 'Biaya General', -1, 0),
('614012050PI', 'Biaya office material - PI', 'Biaya General', -1, 0),
('614012200PI', 'Biaya Perizinan - PI', 'Biaya General', -1, 0),
('614012400PI', 'Biaya Deviden - PI', 'Dividends', 0, 0),
('614012500PI', 'Biaya Pajak Bumi and Bangunan - PI', 'Pajak Penghasilan', -1, 0),
('614012550PI', 'Biaya Decorasi - Renovasi - PI', 'Biaya General', -1, 0),
('614012650PI', 'Biaya Penyusutan Aktiva - PI', 'Penyusutan Aktiva', -1, 0),
('614012850PI', 'Biaya Sewa-Servis-Surat2 Kendaraan - PI', 'Biaya General', -1, 0),
('614012900PI', 'Biaya Tol and Parkir - PI', 'Biaya General', -1, 0),
('614013500PI', 'Biaya Perjalanan Dinas DN - PI', 'Biaya General', -1, 0),
('614013600PI', 'Biaya Perjalanan Dinas LN - PI', 'Biaya General', -1, 0),
('700211200PI', 'Biaya/Pendapatan Bunga Bank - PI', 'Biaya/Pendapatan Lain2', -1, 0),
('700211300PI', 'Biaya Komisi Credit card Bank - PI', 'Biaya/Pendapatan Lain2', -1, 0),
('700211700PI', 'Biaya Administrasi/Fees Bank  - PI', 'Biaya/Pendapatan Lain2', 0, 0),
('800011000PI', 'Pajak Penghasilan Final 1% - PI', 'Pajak Penghasilan', -1, 0),
('800012000PI', 'Pajak Tangguhan - PI', 'Pajak Penghasilan', -1, 0);

INSERT INTO `pcexpenses` (`codeexpense`, `description`, `glaccount`, `tag`, `klretentionpph23`) VALUES
('ASSETS-PI', 'Payments Assets PI (Hardware-Computers, etc)', '123111300PI', 0, '0.00'),
('PPHFINAL1-PI', 'Payment Penhasilan Final 1% POPI', '800011000PI', 0, '0.00');


INSERT INTO `pctabexpenses` (`typetabcode`, `codeexpense`) VALUES
('ADMINISTRATION', 'ASSETS-PI'),
('ADMINISTRATION', 'PPHFINAL1-PI');

INSERT INTO `scripts` (`script`, `pagesecurity`, `description`) VALUES
('KLExcelGLTransactionsPajakPI.php', 40420, 'Exports Excel file with GL Transactions for Retail partner PI'),
('KLGLAccountInquiryPI.php', 40410, 'Shows the general ledger transactions for a specified account over a specified range of periods'),
('KLGLAccountsPI.php', 40450, 'Defines the general ledger accounts for retail Partner PI'),
('KLGLBalanceSheetPI.php', 999999, 'Shows the balance sheet for Retail partner PI as at a specified date'),
('KLGLProfit_LossPI.php', 40410, 'Shows the profit and loss of retail partner PI for the range of periods entered');

INSERT INTO `systypes` (`typeid`, `typename`, `typeno`) VALUES
(9020, 'POPI Customer Invoice CC-A', 556),
(9021, 'POPI Customer Invoice CASH-B', 753),
(9022, 'POPI Customer Invoice CASH-C', 0);

SET FOREIGN_KEY_CHECKS=1;

/* AFTER SETTING THE SALES AREAS*/

INSERT INTO `cogsglpostings` (`area`, `stkcat`, `glcode`, `salestype`) VALUES
('RPC', 'ANY', '510010000BB', 'AN'),
('RPR', 'ANY', '510010000BB', 'AN'),
('RPZ', 'ANY', '510010000BB', 'AN'),
('RPC', 'SHPACK', '510010100BB', 'AN'),
('RPR', 'SHPACK', '510010100BB', 'AN'),
('RPZ', 'SHPACK', '510010100BB', 'AN'),
('RPC', 'SHPACA', '510010100AD', 'AN'),
('RPR', 'SHPACA', '510010100AD', 'AN'),
('RPZ', 'SHPACA', '510010100AD', 'AN');


INSERT INTO `glaccountusers` (`accountcode`, `userid`, `canview`, `canupd`) VALUES
('111121100PI', 'Febri', 1, 1),
('111121105PI', 'Febri', 1, 1),
('111121110PI', 'Febri', 1, 1),
('111121112PI', 'Febri', 1, 0),
('123111300PI', 'Febri', 1, 0),
('125900000PI', 'Febri', 1, 0),
('211030200PI', 'Febri', 1, 0),
('310110100PI', 'Febri', 1, 0),
('310110200PI', 'Febri', 1, 0),
('410000000PI', 'Febri', 1, 0),
('410000010PI', 'Febri', 1, 0),
('510010000PI', 'Febri', 1, 0),
('510010005PI', 'Febri', 1, 0),
('510010100PI', 'Febri', 1, 0),
('510500010PI', 'Febri', 1, 0),
('611011100PI', 'Febri', 1, 1),
('611011300PI', 'Febri', 1, 0),
('611011400PI', 'Febri', 1, 0),
('611011600PI', 'Febri', 1, 1),
('611011700PI', 'Febri', 1, 1),
('611011800PI', 'Febri', 1, 0),
('611011900PI', 'Febri', 1, 0),
('611012000PI', 'Febri', 1, 1),
('611012002PI', 'Febri', 1, 1),
('611012005PI', 'Febri', 1, 1),
('611012010PI', 'Febri', 1, 1),
('611012015PI', 'Febri', 1, 1),
('611012020PI', 'Febri', 1, 1),
('611012030PI', 'Febri', 1, 1),
('611012100PI', 'Febri', 1, 1),
('611012110PI', 'Febri', 1, 1),
('611020000PI', 'Febri', 1, 0),
('612011100PI', 'Febri', 1, 1),
('612011110PI', 'Febri', 1, 1),
('612011120PI', 'Febri', 1, 1),
('612011200PI', 'Febri', 1, 1),
('612011705PI', 'Febri', 1, 1),
('612019000PI', 'Febri', 1, 1),
('613011200PI', 'Febri', 1, 0),
('613011400PI', 'Febri', 1, 0),
('613019000PI', 'Febri', 1, 0),
('614011100PI', 'Febri', 1, 1),
('614011200PI', 'Febri', 1, 1),
('614011400PI', 'Febri', 1, 1),
('614011510PI', 'Febri', 1, 1),
('614011550PI', 'Febri', 1, 1),
('614011600PI', 'Febri', 1, 0),
('614011800PI', 'Febri', 1, 1),
('614011810PI', 'Febri', 1, 1),
('614012000PI', 'Febri', 1, 1),
('614012050PI', 'Febri', 1, 1),
('614012200PI', 'Febri', 1, 1),
('614012400PI', 'Febri', 1, 1),
('614012550PI', 'Febri', 1, 1),
('614012650PI', 'Febri', 1, 0),
('614012850PI', 'Febri', 1, 1),
('614012900PI', 'Febri', 1, 1),
('614013500PI', 'Febri', 1, 0),
('614013600PI', 'Febri', 1, 0),
('700211200PI', 'Febri', 1, 1),
('700211300PI', 'Febri', 1, 0),
('700211700PI', 'Febri', 1, 1),
('111121100PI', 'Ike1', 1, 1),
('111121105PI', 'Ike1', 1, 1),
('111121110PI', 'Ike1', 1, 1),
('111121112PI', 'Ike1', 1, 0),
('123111300PI', 'Ike1', 1, 0),
('125900000PI', 'Ike1', 1, 0),
('211030200PI', 'Ike1', 1, 0),
('310110100PI', 'Ike1', 1, 0),
('310110200PI', 'Ike1', 1, 0),
('410000000PI', 'Ike1', 1, 0),
('410000010PI', 'Ike1', 1, 0),
('510010000PI', 'Ike1', 1, 0),
('510010005PI', 'Ike1', 1, 0),
('510010100PI', 'Ike1', 1, 0),
('510500010PI', 'Ike1', 1, 0),
('611011100PI', 'Ike1', 1, 1),
('611011300PI', 'Ike1', 1, 0),
('611011400PI', 'Ike1', 1, 0),
('611011600PI', 'Ike1', 1, 1),
('611011700PI', 'Ike1', 1, 1),
('611011800PI', 'Ike1', 1, 0),
('611011900PI', 'Ike1', 1, 0),
('611012000PI', 'Ike1', 1, 1),
('611012002PI', 'Ike1', 1, 1),
('611012005PI', 'Ike1', 1, 1),
('611012010PI', 'Ike1', 1, 1),
('611012015PI', 'Ike1', 1, 1),
('611012020PI', 'Ike1', 1, 1),
('611012030PI', 'Ike1', 1, 1),
('611012100PI', 'Ike1', 1, 1),
('611012110PI', 'Ike1', 1, 1),
('611020000PI', 'Ike1', 1, 0),
('612011100PI', 'Ike1', 1, 1),
('612011110PI', 'Ike1', 1, 1),
('612011120PI', 'Ike1', 1, 1),
('612011200PI', 'Ike1', 1, 1),
('612011705PI', 'Ike1', 1, 1),
('612019000PI', 'Ike1', 1, 1),
('613011200PI', 'Ike1', 1, 0),
('613011400PI', 'Ike1', 1, 0),
('613019000PI', 'Ike1', 1, 0),
('614011100PI', 'Ike1', 1, 1),
('614011200PI', 'Ike1', 1, 1),
('614011400PI', 'Ike1', 1, 1),
('614011510PI', 'Ike1', 1, 1),
('614011550PI', 'Ike1', 1, 1),
('614011600PI', 'Ike1', 1, 0),
('614011800PI', 'Ike1', 1, 1),
('614011810PI', 'Ike1', 1, 1),
('614012000PI', 'Ike1', 1, 1),
('614012050PI', 'Ike1', 1, 1),
('614012200PI', 'Ike1', 1, 1),
('614012400PI', 'Ike1', 1, 1),
('614012550PI', 'Ike1', 1, 1),
('614012650PI', 'Ike1', 1, 0),
('614012850PI', 'Ike1', 1, 1),
('614012900PI', 'Ike1', 1, 1),
('614013500PI', 'Ike1', 1, 0),
('614013600PI', 'Ike1', 1, 0),
('700211200PI', 'Ike1', 1, 1),
('700211300PI', 'Ike1', 1, 0),
('700211700PI', 'Ike1', 1, 1),
('111121100PI', 'Marcel', 1, 0),
('111121105PI', 'Marcel', 1, 0),
('111121110PI', 'Marcel', 1, 0),
('123111300PI', 'Marcel', 1, 1),
('125900000PI', 'Marcel', 1, 1),
('211030200PI', 'Marcel', 1, 1),
('310110100PI', 'Marcel', 1, 1),
('310110200PI', 'Marcel', 1, 1),
('410000000PI', 'Marcel', 1, 0),
('410000010PI', 'Marcel', 1, 0),
('510010000PI', 'Marcel', 1, 0),
('510010005PI', 'Marcel', 1, 0),
('510010100PI', 'Marcel', 1, 0),
('510500010PI', 'Marcel', 1, 0),
('611011100PI', 'Marcel', 1, 0),
('611011300PI', 'Marcel', 1, 0),
('611011400PI', 'Marcel', 1, 0),
('611011600PI', 'Marcel', 1, 0),
('611011700PI', 'Marcel', 1, 0),
('611011800PI', 'Marcel', 1, 0),
('611011900PI', 'Marcel', 1, 0),
('611012000PI', 'Marcel', 1, 0),
('611012002PI', 'Marcel', 1, 0),
('611012005PI', 'Marcel', 1, 0),
('611012010PI', 'Marcel', 1, 0),
('611012015PI', 'Marcel', 1, 0),
('611012020PI', 'Marcel', 1, 0),
('611012030PI', 'Marcel', 1, 0),
('611012100PI', 'Marcel', 1, 0),
('611012110PI', 'Marcel', 1, 1),
('611020000PI', 'Marcel', 1, 0),
('612011100PI', 'Marcel', 1, 0),
('612011110PI', 'Marcel', 1, 1),
('612011120PI', 'Marcel', 1, 1),
('612011200PI', 'Marcel', 1, 1),
('612011705PI', 'Marcel', 1, 0),
('612019000PI', 'Marcel', 1, 1),
('613011100PI', 'Marcel', 1, 1),
('613011200PI', 'Marcel', 1, 1),
('613011400PI', 'Marcel', 1, 1),
('613019000PI', 'Marcel', 1, 1),
('614011100PI', 'Marcel', 1, 1),
('614011200PI', 'Marcel', 1, 1),
('614011400PI', 'Marcel', 1, 1),
('614011510PI', 'Marcel', 1, 1),
('614011550PI', 'Marcel', 1, 1),
('614011600PI', 'Marcel', 1, 1),
('614011800PI', 'Marcel', 1, 1),
('614011810PI', 'Marcel', 1, 1),
('614012000PI', 'Marcel', 1, 1),
('614012050PI', 'Marcel', 1, 1),
('614012200PI', 'Marcel', 1, 1),
('614012400PI', 'Marcel', 1, 1),
('614012500PI', 'Marcel', 1, 1),
('614012550PI', 'Marcel', 1, 1),
('614012650PI', 'Marcel', 1, 1),
('614012850PI', 'Marcel', 1, 1),
('614012900PI', 'Marcel', 1, 1),
('614013500PI', 'Marcel', 1, 1),
('614013600PI', 'Marcel', 1, 1),
('700211200PI', 'Marcel', 1, 1),
('700211300PI', 'Marcel', 1, 1),
('700211700PI', 'Marcel', 1, 1),
('800011000PI', 'Marcel', 1, 0),
('800012000PI', 'Marcel', 1, 0),
('111121100PI', 'Revi', 1, 1),
('111121105PI', 'Revi', 1, 1),
('111121110PI', 'Revi', 1, 1),
('111121112PI', 'Revi', 1, 0),
('123111300PI', 'Revi', 1, 0),
('125900000PI', 'Revi', 1, 0),
('211030200PI', 'Revi', 1, 0),
('310110100PI', 'Revi', 1, 0),
('310110200PI', 'Revi', 1, 0),
('410000000PI', 'Revi', 1, 0),
('410000010PI', 'Revi', 1, 0),
('510010000PI', 'Revi', 1, 0),
('510010005PI', 'Revi', 1, 0),
('510010100PI', 'Revi', 1, 0),
('510500010PI', 'Revi', 1, 0),
('611011100PI', 'Revi', 1, 1),
('611011300PI', 'Revi', 1, 0),
('611011400PI', 'Revi', 1, 0),
('611011600PI', 'Revi', 1, 1),
('611011700PI', 'Revi', 1, 1),
('611011800PI', 'Revi', 1, 0),
('611011900PI', 'Revi', 1, 0),
('611012000PI', 'Revi', 1, 1),
('611012002PI', 'Revi', 1, 1),
('611012005PI', 'Revi', 1, 1),
('611012010PI', 'Revi', 1, 1),
('611012015PI', 'Revi', 1, 1),
('611012020PI', 'Revi', 1, 1),
('611012030PI', 'Revi', 1, 1),
('611012100PI', 'Revi', 1, 1),
('611012110PI', 'Revi', 1, 1),
('611020000PI', 'Revi', 1, 0),
('612011100PI', 'Revi', 1, 1),
('612011110PI', 'Revi', 1, 1),
('612011120PI', 'Revi', 1, 1),
('612011200PI', 'Revi', 1, 1),
('612011705PI', 'Revi', 1, 1),
('612019000PI', 'Revi', 1, 1),
('613011200PI', 'Revi', 1, 0),
('613011400PI', 'Revi', 1, 0),
('613019000PI', 'Revi', 1, 0),
('614011100PI', 'Revi', 1, 1),
('614011200PI', 'Revi', 1, 1),
('614011400PI', 'Revi', 1, 1),
('614011510PI', 'Revi', 1, 1),
('614011550PI', 'Revi', 1, 1),
('614011600PI', 'Revi', 1, 0),
('614011800PI', 'Revi', 1, 1),
('614011810PI', 'Revi', 1, 1),
('614012000PI', 'Revi', 1, 1),
('614012050PI', 'Revi', 1, 1),
('614012200PI', 'Revi', 1, 1),
('614012400PI', 'Revi', 1, 1),
('614012550PI', 'Revi', 1, 1),
('614012650PI', 'Revi', 1, 0),
('614012850PI', 'Revi', 1, 1),
('614012900PI', 'Revi', 1, 1),
('614013500PI', 'Revi', 1, 0),
('614013600PI', 'Revi', 1, 0),
('700211200PI', 'Revi', 1, 1),
('700211300PI', 'Revi', 1, 0),
('700211700PI', 'Revi', 1, 1),
('111121100PI', 'Ricard', 1, 0),
('111121105PI', 'Ricard', 1, 0),
('111121110PI', 'Ricard', 1, 0),
('123111300PI', 'Ricard', 1, 1),
('125900000PI', 'Ricard', 1, 1),
('211030200PI', 'Ricard', 1, 1),
('310110100PI', 'Ricard', 1, 1),
('310110200PI', 'Ricard', 1, 1),
('410000000PI', 'Ricard', 1, 0),
('410000010PI', 'Ricard', 1, 0),
('510010000PI', 'Ricard', 1, 0),
('510010005PI', 'RICARD', 1, 0),
('510010100PI', 'Ricard', 1, 0),
('510500010PI', 'Ricard', 1, 0),
('611011100PI', 'Ricard', 1, 0),
('611011300PI', 'Ricard', 1, 0),
('611011400PI', 'Ricard', 1, 0),
('611011600PI', 'Ricard', 1, 0),
('611011700PI', 'Ricard', 1, 0),
('611011800PI', 'Ricard', 1, 0),
('611011900PI', 'Ricard', 1, 0),
('611012000PI', 'Ricard', 1, 0),
('611012002PI', 'Ricard', 1, 0),
('611012005PI', 'Ricard', 1, 0),
('611012010PI', 'Ricard', 1, 0),
('611012015PI', 'RICARD', 1, 0),
('611012020PI', 'Ricard', 1, 0),
('611012030PI', 'Ricard', 1, 0),
('611012100PI', 'Ricard', 1, 0),
('611012110PI', 'Ricard', 1, 1),
('611020000PI', 'Ricard', 1, 0),
('612011100PI', 'Ricard', 1, 0),
('612011110PI', 'Ricard', 1, 1),
('612011120PI', 'Ricard', 1, 1),
('612011200PI', 'Ricard', 1, 1),
('612011705PI', 'Ricard', 1, 0),
('612019000PI', 'Ricard', 1, 1),
('613011100PI', 'Ricard', 1, 1),
('613011200PI', 'Ricard', 1, 1),
('613011400PI', 'Ricard', 1, 1),
('613019000PI', 'Ricard', 1, 1),
('614011100PI', 'Ricard', 1, 1),
('614011200PI', 'RICARD', 1, 1),
('614011400PI', 'Ricard', 1, 1),
('614011510PI', 'Ricard', 1, 1),
('614011550PI', 'Ricard', 1, 1),
('614011600PI', 'Ricard', 1, 1),
('614011800PI', 'Ricard', 1, 1),
('614011810PI', 'Ricard', 1, 1),
('614012000PI', 'Ricard', 1, 1),
('614012050PI', 'Ricard', 1, 1),
('614012200PI', 'Ricard', 1, 1),
('614012400PI', 'RICARD', 1, 1),
('614012500PI', 'Ricard', 1, 1),
('614012550PI', 'Ricard', 1, 1),
('614012650PI', 'Ricard', 1, 1),
('614012850PI', 'Ricard', 1, 1),
('614012900PI', 'Ricard', 1, 1),
('614013500PI', 'Ricard', 1, 1),
('614013600PI', 'Ricard', 1, 1),
('700211200PI', 'Ricard', 1, 1),
('700211300PI', 'Ricard', 1, 1),
('700211700PI', 'Ricard', 1, 1),
('800011000PI', 'Ricard', 1, 0),
('800012000PI', 'Ricard', 1, 0),
('111121100PI', 'winda', 1, 1),
('111121105PI', 'winda', 1, 1),
('111121110PI', 'winda', 1, 1),
('111121112PI', 'winda', 1, 0),
('123111300PI', 'winda', 1, 0),
('125900000PI', 'winda', 1, 0),
('211030200PI', 'winda', 1, 0),
('310110100PI', 'winda', 1, 0),
('310110200PI', 'winda', 1, 0),
('410000000PI', 'winda', 1, 0),
('410000010PI', 'winda', 1, 0),
('510010000PI', 'winda', 1, 0),
('510010005PI', 'winda', 1, 0),
('510010100PI', 'winda', 1, 0),
('510500010PI', 'winda', 1, 0),
('611011100PI', 'winda', 1, 1),
('611011300PI', 'winda', 1, 0),
('611011400PI', 'winda', 1, 0),
('611011600PI', 'winda', 1, 1),
('611011700PI', 'winda', 1, 1),
('611011800PI', 'winda', 1, 0),
('611011900PI', 'winda', 1, 0),
('611012000PI', 'winda', 1, 1),
('611012002PI', 'winda', 1, 1),
('611012005PI', 'winda', 1, 1),
('611012010PI', 'winda', 1, 1),
('611012015PI', 'winda', 1, 1),
('611012020PI', 'winda', 1, 1),
('611012030PI', 'winda', 1, 1),
('611012100PI', 'winda', 1, 1),
('611012110PI', 'winda', 1, 1),
('611020000PI', 'winda', 1, 0),
('612011100PI', 'winda', 1, 1),
('612011110PI', 'winda', 1, 1),
('612011120PI', 'winda', 1, 1),
('612011200PI', 'winda', 1, 1),
('612011705PI', 'winda', 1, 1),
('612019000PI', 'winda', 1, 1),
('613011200PI', 'winda', 1, 0),
('613011400PI', 'winda', 1, 0),
('613019000PI', 'winda', 1, 0),
('614011100PI', 'winda', 1, 1),
('614011200PI', 'winda', 1, 1),
('614011400PI', 'winda', 1, 1),
('614011510PI', 'winda', 1, 1),
('614011550PI', 'winda', 1, 1),
('614011600PI', 'winda', 1, 0),
('614011800PI', 'winda', 1, 1),
('614011810PI', 'winda', 1, 1),
('614012000PI', 'winda', 1, 1),
('614012050PI', 'winda', 1, 1),
('614012200PI', 'winda', 1, 1),
('614012400PI', 'winda', 1, 1),
('614012550PI', 'winda', 1, 1),
('614012650PI', 'winda', 1, 0),
('614012850PI', 'winda', 1, 1),
('614012900PI', 'winda', 1, 1),
('614013500PI', 'winda', 1, 0),
('614013600PI', 'winda', 1, 0),
('700211200PI', 'winda', 1, 1),
('700211300PI', 'winda', 1, 0),
('700211700PI', 'winda', 1, 1);


