
SET SQL_MODE = "NO_AUTO_VALUE_ON_ZERO";
START TRANSACTION;

CREATE TABLE `chartmasterSM` (
  `accountcode` varchar(20) NOT NULL DEFAULT '0',
  `accountname` char(50) NOT NULL DEFAULT '',
  `group_` char(30) NOT NULL DEFAULT ''
) ENGINE=InnoDB DEFAULT CHARSET=utf8;

ALTER TABLE `chartmasterSM`
  ADD PRIMARY KEY (`accountcode`),
  ADD KEY `AccountName` (`accountname`),
  ADD KEY `Group_` (`group_`);

INSERT INTO `accountgroups` (`groupname`, `sectioninaccounts`, `pandl`, `sequenceintb`, `parentgroupname`) VALUES
('Banks PT SMH', 100, 0, 225, 'Kas');

INSERT INTO `bankaccounts` (`accountcode`, `currcode`, `invoice`, `bankaccountcode`, `bankaccountname`, `bankaccountnumber`, `bankaddress`, `importformat`) VALUES
('111121100SM', 'IDR', 0, 'PT Sungai Mutiara Hitam', 'PT SMH - Bank Mandiri - IDR', '', 'Bank Mandiri', ''),
('111121105SM', 'IDR', 2, 'PT Sungai Mutiara Hitam', 'PT SMH - Bank Danamon - IDR', '', 'Bank Danamon', ''),
('111121110SM', 'IDR', 1, 'PT Sungai Mutiara Hitam', 'PT SMH - Bank BCA - IDR', '', 'Bank BCA', '');

INSERT INTO `bankaccountusers` (`accountcode`, `userid`) VALUES
('111121100SM', 'Revi'),
('111121105SM', 'Revi'),
('111121110SM', 'Revi'),
('111121100SM', 'IinSukma'),
('111121105SM', 'IinSukma'),
('111121110SM', 'IinSukma'),
('111121100SM', 'Candra'),
('111121105SM', 'Candra'),
('111121110SM', 'Candra'),
('111121100SM', 'Ricard'),
('111121105SM', 'Ricard'),
('111121110SM', 'Ricard');


INSERT INTO `chartmaster` (`accountcode`, `accountname`, `group_`, `cashflowsactivity`, `controlled`) VALUES
('111121100SM', 'Bank Mandiri IDR - PT SMH', 'Banks PT SMH', 4, 1),
('111121105SM', 'Bank Danamon IDR - PT SMH', 'Banks PT SMH', 4, 1),
('111121110SM', 'Bank BCA IDR - PT SMH', 'Banks PT SMH', 4, 1),
('123111300SM', 'Peralatan / Inventaris - PT SMH', 'Aktiva', 2, 1),
('123111400SM', 'Kendaraan - PT SMH', 'Aktiva', 2, 1),
('123211000SM', 'Hak Atas Kecerdasan Intelektual - PT SMH', 'Aktiva', 2, 0),
('125900000SM', 'Kontrak Lokasi - PT SMH', 'Aktiva', 2, 1),
('211030200SM', 'Hutang Kontrak Lokasi - PT SMH', 'Hutang', 3, 1),
('310110100SM', 'Modal Dasar (Social Capital) - PT SMH', 'Modal', 3, 0),
('310110200SM', 'Hutang Modal - PT SMH', 'Modal', 3, 0),
('410000000SM', 'Penjualan Retail - Cash - PT SMH', 'Penjualan', 1, 0),
('410000010SM', 'Penjualan Retail - Credit Card - PT SMH', 'Penjualan', 1, 0),
('510010000SM', 'HPP (COGS) - PT SMH', 'HPP (COGS)', 1, 0),
('510010005SM', 'HPP (COGS - Consignment) - PT SMH', 'Clustering', 0, 0),
('510010070SM', 'Local Suppliers - PT SMH', 'Dividends', 3, 1),
('510010100SM', 'HPP (COGS) - Shop Packaging - PT SMH', 'HPP (COGS)', 1, 0),
('510500000SM', 'Selisih Persediaan (Adjustement Stock) - PT SMH', 'Biaya/Pendapatan Lain2', 0, 1),
('510500010SM', 'HPP (COGS) - Shop Consumables - PT SMH', 'HPP (COGS)', 1, 0),
('611011100SM', 'Biaya Gaji - PT SMH', 'Biaya Karyawan', 1, 1),
('611011300SM', 'Biaya Uang Bensin Karyawan - PT SMH', 'Biaya Karyawan', 1, 1),
('611011400SM', 'Biaya Uang Makan Karyawan - PT SMH', 'Biaya Karyawan', 1, 1),
('611011600SM', 'Biaya Lembur/Overtime - PT SMH', 'Biaya Karyawan', 1, 1),
('611011700SM', 'Biaya Asuransi/BPJS/Kesehatan - PT SMH', 'Biaya Karyawan', 1, 1),
('611011800SM', 'Biaya THR Karyawan - PT SMH', 'Biaya Karyawan', 1, 1),
('611011900SM', 'Biaya Outsourcing - PT SMH', 'Biaya Karyawan', 1, 1),
('611012000SM', 'Biaya PPH 21 - PT SMH', 'Biaya Karyawan', 1, 1),
('611012002SM', 'Biaya PPH 22 - PT SMH', 'Pajak Penghasilan', 1, 1),
('611012005SM', 'Biaya PPH 23 - PT SMH', 'Pajak Penghasilan', 1, 1),
('611012010SM', 'Biaya PPH 25 - PT SMH', 'Pajak Penghasilan', 1, 1),
('611012011SM', 'Biaya PPH 26 - PT SMH', 'Pajak Penghasilan', 1, 1),
('611012015SM', 'Biaya PPH 29 - PT SMH', 'Pajak Penghasilan', 1, 1),
('611012020SM', 'Biaya PPH 4(2) by Rents - PT SMH', 'Pajak Penghasilan', 1, 1),
('611012025SM', 'Biaya PPH 4(2) by Dividends - PT SMH', 'Dividends', 3, 1),
('611012030SM', 'Biaya PPN - PT SMH', 'Pajak Penjualan', 1, 1),
('611012100SM', 'Biaya Recruitment and Training - PT SMH', 'Biaya Karyawan', 1, 1),
('611012110SM', 'Biaya Gathering Team - PT SMH', 'Biaya Karyawan', 1, 1),
('611020000SM', 'Biaya IMTA - PT SMH', 'Biaya General', 1, 1),
('612011100SM', 'Biaya Iklan and Promosi - PT SMH', 'Biaya Marketing', 1, 1),
('612011120SM', 'Biaya Partners Online BB', 'Biaya Marketing', 1, 1),
('612011200SM', 'Biaya Komisi - Bonus Karyawan - PT SMH', 'Biaya Karyawan', 1, 1),
('612011705SM', 'Biaya Packaging - PT SMH', 'Biaya General', 1, 1),
('612011210SM', 'Bonus Direction Team - PT SMH', 'Dividends', 3, 1),
('612011220SM', 'Other Payments Direction Team PT SMH', 'Dividends', 3, 1),
('612011800SM', 'Biaya Sample - PT SMH', 'Biaya General', 1, 1),
('612011910SM', 'Biaya Pengiriman - PT SMH', 'Biaya Shipping', 1, 1),
('612011920SM', 'Biaya Pengiriman Online - PT SMH', 'Biaya Shipping', 1, 1),
('612011930SM', 'Biaya Buying Agent - PT SMH', 'Biaya Shipping', 1, 1),
('612011940SM', 'Biaya Bea Cukai - PT SMH', 'Biaya Shipping', 1, 1),
('612012000SM', 'Biaya Angkut and Packing - PT SMH', 'Biaya Shipping', 1, 1),
('612019000SM', 'Biaya Marketing Lain-Lain - PT SMH', 'Biaya Marketing', 1, 1),
('613011100SM', 'Biaya Perbaikan Bangunan - PT SMH', 'Penyusutan Aktiva', 0, 0),
('613011200SM', 'Biaya Perbaikan Peralatan  (Hw/Sw) - PT SMH', 'Penyusutan Aktiva', 0, 0),
('613011400SM', 'Biaya Perbaikan Kendaraan - PT SMH', 'Penyusutan Aktiva', 0, 0),
('613019000SM', 'Biaya Perbaikan Inventaris - PT SMH', 'Penyusutan Aktiva', 0, 0),
('614011100SM', 'Biaya Telpon - Internet - PT SMH', 'Biaya General', 1, 1),
('614011200SM', 'Biaya IT (web services) - PT SMH', 'Biaya General', 1, 1),
('614011400SM', 'Biaya Listrik - PT SMH', 'Biaya General', 1, 1),
('614011510SM', 'Biaya Air PDAM - PT SMH', 'Biaya General', 1, 1),
('614011550SM', 'Biaya Pembersih - PT SMH', 'Biaya General', 1, 1),
('614011560SM', 'Pengunaan Konsumables - PT SMH', 'Biaya General', 1, 1),
('614011600SM', 'Biaya/Penyusutan Sewa - PT SMH', 'Penyusutan Aktiva', 0, 0),
('614011800SM', 'Biaya Konsultan Bisnis/Pajak/Notaris - PT SMH', 'Biaya General', 1, 1),
('614011810SM', 'Biaya Asuransi - PT SMH', 'Biaya General', 1, 1),
('614012000SM', 'Biaya Maintenance - PT SMH', 'Biaya General', 1, 1),
('614012050SM', 'Biaya office material - PT SMH', 'Biaya General', 1, 1),
('614012200SM', 'Biaya Perizinan - PT SMH', 'Biaya General', 1, 1),
('614012400SM', 'Biaya Deviden - PT SMH', 'Dividends', 3, 1),
('614012500SM', 'Biaya Pajak Bumi and Bangunan - PT SMH', 'Pajak Penghasilan', 1, 1),
('614012550SM', 'Biaya Decorasi - Renovasi - PT SMH', 'Biaya General', 1, 1),
('614012600SM', 'Biaya Lain-Lain PT SMH', 'Biaya General', 1, 1),
('614012650SM', 'Biaya Penyusutan Aktiva - PT SMH', 'Penyusutan Aktiva', 0, 0),
('614012670SM', 'Biaya Penyusutan Kendaraan - PT SMH', 'Penyusutan Aktiva', 0, 0),
('614012840SM', 'Biaya Bensin Operational - PT SMH', 'Biaya General', 1, 1),
('614012850SM', 'Biaya Sewa-Servis-Surat2 Kendaraan - PT SMH', 'Biaya General', 1, 1),
('614012900SM', 'Biaya Tol and Parkir - PT SMH', 'Biaya General', 1, 1),
('614013500SM', 'Biaya Perjalanan Dinas DN - PT SMH', 'Biaya General', 1, 1),
('614013600SM', 'Biaya Perjalanan Dinas LN - PT SMH', 'Biaya General', 1, 1),
('614013800SM', 'Biaya keamanan - PT SMH', 'Biaya General', 1, 1),
('700211200SM', 'Biaya/Pendapatan Bunga Bank - PT SMH', 'Biaya/Pendapatan Lain2', 1, 1),
('700211300SM', 'Biaya Komisi Credit card Bank - PT SMH', 'Biaya/Pendapatan Lain2', 1, 1),
('700211310SM', 'Biaya Komisi WeChat- PT SMH', 'Biaya/Pendapatan Lain2', 1, 1),
('700211330SM', 'Biaya Komisi QRIS - PT SMH', 'Biaya/Pendapatan Lain2', 1, 1),
('700211700SM', 'Biaya Administrasi/Fees Bank  - PT SMH', 'Biaya/Pendapatan Lain2', 1, 1);

INSERT INTO `chartmasterSM` (`accountcode`, `accountname`, `group_`) VALUES
('111121100SM', 'Bank Mandiri IDR - PT SMH', 'Banks PT SMH'),
('111121105SM', 'Bank Danamon IDR - PT SMH', 'Banks PT SMH'),
('111121110SM', 'Bank BCA IDR - PT SMH', 'Banks PT SMH'),
('123111300SM', 'Peralatan / Inventaris - PT SMH', 'Aktiva'),
('123111400SM', 'Kendaraan - PT SMH', 'Aktiva'),
('123211000SM', 'Hak Atas Kecerdasan Intelektual - PT SMH', 'Aktiva'),
('125900000SM', 'Kontrak Lokasi - PT SMH', 'Aktiva'),
('211030200SM', 'Hutang Kontrak Lokasi - PT SMH', 'Hutang'),
('310110100SM', 'Modal Dasar (Social Capital) - PT SMH', 'Modal'),
('310110200SM', 'Hutang Modal - PT SMH', 'Modal'),
('410000000SM', 'Penjualan Retail - Cash - PT SMH', 'Penjualan'),
('410000010SM', 'Penjualan Retail - Credit Card - PT SMH', 'Penjualan'),
('510010000SM', 'HPP (COGS) - PT SMH', 'HPP (COGS)'),
('510010005SM', 'HPP (COGS - Consignment) - PT SMH', 'HPP (COGS)'),
('510010070SM', 'Local Suppliers - PT SMH', 'Biaya General'),
('510010100SM', 'HPP (COGS) - Shop Packaging - PT SMH', 'HPP (COGS)'),
('510500000SM', 'Selisih Persediaan (Adjustement Stock) - PT SMH', 'Biaya/Pendapatan Lain2'),
('510500010SM', 'HPP (COGS) - Shop Consumables - PT SMH', 'HPP (COGS)'),
('611011100SM', 'Biaya Gaji - PT SMH', 'Biaya Karyawan'),
('611011300SM', 'Biaya Uang Bensin Karyawan - PT SMH', 'Biaya Karyawan'),
('611011400SM', 'Biaya Uang Makan Karyawan - PT SMH', 'Biaya Karyawan'),
('611011600SM', 'Biaya Lembur/Overtime - PT SMH', 'Biaya Karyawan'),
('611011700SM', 'Biaya Asuransi/BPJS/Kesehatan - PT SMH', 'Biaya Karyawan'),
('611011800SM', 'Biaya THR Karyawan - PT SMH', 'Biaya Karyawan'),
('611011900SM', 'Biaya Outsourcing - PT SMH', 'Biaya Karyawan'),
('611012000SM', 'Biaya PPH 21 - PT SMH', 'Biaya Karyawan'),
('611012002SM', 'Biaya PPH 22 - PT SMH', 'Pajak Penghasilan'),
('611012005SM', 'Biaya PPH 23 - PT SMH', 'Pajak Penghasilan'),
('611012010SM', 'Biaya PPH 25 - PT SMH', 'Pajak Penghasilan'),
('611012011SM', 'Biaya PPH 26 - PT SMH', 'Pajak Penghasilan'),
('611012015SM', 'Biaya PPH 29 - PT SMH', 'Pajak Penghasilan'),
('611012020SM', 'Biaya PPH 4(2) by Rents - PT SMH', 'Pajak Penghasilan'),
('611012025SM', 'Biaya PPH 4(2) by Dividends - PT SMH', 'Pajak Penghasilan'),
('611012030SM', 'Biaya PPN - PT SMH', 'Pajak Penjualan'),
('611012100SM', 'Biaya Recruitment and Training - PT SMH', 'Biaya Karyawan'),
('611012110SM', 'Biaya Gathering Team - PT SMH', 'Biaya Karyawan'),
('611020000SM', 'Biaya IMTA - PT SMH', 'Biaya General'),
('612011100SM', 'Biaya Iklan and Promosi - PT SMH', 'Biaya Marketing'),
('612011120SM', 'Biaya Partners Online BB', 'Biaya Marketing'),
('612011200SM', 'Biaya Komisi - Bonus Karyawan - PT SMH', 'Biaya Karyawan'),
('612011705SM', 'Biaya Packaging - PT SMH', 'Biaya General'),
('612011210SM', 'Bonus Direction Team - PT SMH', 'Biaya Karyawan'),
('612011220SM', 'Other Payments Direction Team PT SMH', 'Biaya Karyawan'),
('612011800SM', 'Biaya Sample - PT SMH', 'Biaya General'),
('612011910SM', 'Biaya Pengiriman - PT SMH', 'Biaya Shipping'),
('612011920SM', 'Biaya Pengiriman Online - PT SMH', 'Biaya Shipping'),
('612011930SM', 'Biaya Buying Agent - PT SMH', 'Biaya Shipping'),
('612011940SM', 'Biaya Bea Cukai - PT SMH', 'Biaya Shipping'),
('612012000SM', 'Biaya Angkut and Packing - PT SMH', 'Biaya Shipping'),
('612019000SM', 'Biaya Marketing Lain-Lain - PT SMH', 'Biaya Marketing'),
('613011100SM', 'Biaya Perbaikan Bangunan - PT SMH', 'Penyusutan Aktiva'),
('613011200SM', 'Biaya Perbaikan Peralatan  (Hw/Sw) - PT SMH', 'Penyusutan Aktiva'),
('613011400SM', 'Biaya Perbaikan Kendaraan - PT SMH', 'Penyusutan Aktiva'),
('613019000SM', 'Biaya Perbaikan Inventaris - PT SMH', 'Penyusutan Aktiva'),
('614011100SM', 'Biaya Telpon - Internet - PT SMH', 'Biaya General'),
('614011200SM', 'Biaya IT (web services) - PT SMH', 'Biaya General'),
('614011400SM', 'Biaya Listrik - PT SMH', 'Biaya General'),
('614011510SM', 'Biaya Air PDAM - PT SMH', 'Biaya General'),
('614011550SM', 'Biaya Pembersih - PT SMH', 'Biaya General'),
('614011560SM', 'Pengunaan Konsumables - PT SMH', 'Biaya General'),
('614011600SM', 'Biaya/Penyusutan Sewa - PT SMH', 'Penyusutan Aktiva'),
('614011800SM', 'Biaya Konsultan Bisnis/Pajak/Notaris - PT SMH', 'Biaya General'),
('614011810SM', 'Biaya Asuransi - PT SMH', 'Biaya General'),
('614012000SM', 'Biaya Maintenance - PT SMH', 'Biaya General'),
('614012050SM', 'Biaya office material - PT SMH', 'Biaya General'),
('614012200SM', 'Biaya Perizinan - PT SMH', 'Biaya General'),
('614012400SM', 'Biaya Deviden - PT SMH', 'Dividends'),
('614012500SM', 'Biaya Pajak Bumi and Bangunan - PT SMH', 'Pajak Penghasilan'),
('614012550SM', 'Biaya Decorasi - Renovasi - PT SMH', 'Biaya General'),
('614012600SM', 'Biaya Lain-Lain PT SMH', 'Biaya General'),
('614012650SM', 'Biaya Penyusutan Aktiva - PT SMH', 'Penyusutan Aktiva'),
('614012670SM', 'Biaya Penyusutan Kendaraan - PT SMH', 'Penyusutan Aktiva'),
('614012840SM', 'Biaya Bensin Operational - PT SMH', 'Biaya General'),
('614012850SM', 'Biaya Sewa-Servis-Surat2 Kendaraan - PT SMH', 'Biaya General'),
('614012900SM', 'Biaya Tol and Parkir - PT SMH', 'Biaya General'),
('614013500SM', 'Biaya Perjalanan Dinas DN - PT SMH', 'Biaya General'),
('614013600SM', 'Biaya Perjalanan Dinas LN - PT SMH', 'Biaya General'),
('614013800SM', 'Biaya keamanan - PT SMH', 'Biaya General'),
('700211200SM', 'Biaya/Pendapatan Bunga Bank - PT SMH', 'Biaya/Pendapatan Lain2'),
('700211300SM', 'Biaya Komisi Credit card Bank - PT SMH', 'Biaya/Pendapatan Lain2'),
('700211310SM', 'Biaya Komisi WeChat- PT SMH', 'Biaya/Pendapatan Lain2'),
('700211330SM', 'Biaya Komisi QRIS - PT SMH', 'Biaya/Pendapatan Lain2'),
('700211700SM', 'Biaya Administrasi/Fees Bank  - PT SMH', 'Biaya/Pendapatan Lain2');

INSERT INTO `glaccountusers` (`accountcode`, `userid`, `canview`, `canupd`) VALUES
('111121100SM', 'Revi', 1, 1),
('111121101SM', 'Revi', 1, 1),
('111121105SM', 'Revi', 1, 1),
('111121110SM', 'Revi', 1, 1),
('111121111SM', 'Revi', 1, 0),
('111121112SM', 'Revi', 1, 0),
('111121120SM', 'Revi', 1, 0),
('111121121SM', 'Revi', 1, 1),
('111121122SM', 'Revi', 1, 1),
('111121125SM', 'REVI', 1, 1),
('111121130SM', 'Revi', 1, 0),
('111259010SM', 'Revi', 1, 0),
('111259020SM', 'Revi', 1, 0),
('111259050SM', 'Revi', 1, 0),
('123111300SM', 'Revi', 1, 1),
('123111400SM', 'Revi', 1, 1),
('123211000SM', 'Revi', 1, 0),
('125900000SM', 'Revi', 1, 0),
('211030200SM', 'Revi', 1, 1),
('310110100SM', 'Revi', 1, 0),
('310110200SM', 'Revi', 1, 0),
('410000000SM', 'Revi', 1, 1),
('410000010SM', 'Revi', 1, 1),
('410000500SM', 'Revi', 1, 0),
('410000510SM', 'Revi', 1, 0),
('410010000SM', 'Revi', 1, 0),
('410010010SM', 'Revi', 1, 0),
('410020000SM', 'REVI', 1, 0),
('510010000SM', 'Revi', 1, 0),
('510010005SM', 'Revi', 1, 0),
('510010070SM', 'REVI', 1, 0),
('510010100SM', 'Revi', 1, 0),
('510500000SM', 'REVI', 1, 0),
('510500010SM', 'Revi', 1, 0),
('611011100SM', 'Revi', 1, 1),
('611011300SM', 'Revi', 1, 0),
('611011400SM', 'Revi', 1, 0),
('611011600SM', 'Revi', 1, 0),
('611011700SM', 'Revi', 1, 1),
('611011800SM', 'Revi', 1, 0),
('611011900SM', 'Revi', 1, 0),
('611012000SM', 'Revi', 1, 1),
('611012002SM', 'Revi', 1, 1),
('611012005SM', 'Revi', 1, 1),
('611012010SM', 'Revi', 1, 1),
('611012011SM', 'REVI', 1, 1),
('611012015SM', 'Revi', 1, 1),
('611012020SM', 'Revi', 1, 1),
('611012025SM', 'REVI', 1, 1),
('611012030SM', 'Revi', 1, 1),
('611012100SM', 'Revi', 1, 1),
('611012110SM', 'Revi', 1, 1),
('612011100SM', 'Revi', 1, 1),
('612011110SM', 'Revi', 1, 1),
('612011120SM', 'Revi', 1, 1),
('612011200SM', 'Revi', 1, 0),
('612011705SM', 'Revi', 1, 1),
('612011800SM', 'Revi', 1, 1),
('612011910SM', 'Revi', 1, 1),
('612011920SM', 'Revi', 1, 1),
('612011930SM', 'Revi', 1, 0),
('612011940SM', 'Revi', 1, 1),
('612012000SM', 'Revi', 1, 0),
('612019000SM', 'Revi', 1, 1),
('613011200SM', 'Revi', 1, 1),
('613011400SM', 'Revi', 1, 0),
('613019000SM', 'Revi', 1, 1),
('614011100SM', 'Revi', 1, 1),
('614011200SM', 'Revi', 1, 1),
('614011400SM', 'Revi', 1, 1),
('614011510SM', 'Revi', 1, 1),
('614011550SM', 'Revi', 1, 1),
('614011560SM', 'REVI', 1, 1),
('614011600SM', 'Revi', 1, 0),
('614011610SM', 'REVI', 1, 0),
('614011800SM', 'Revi', 1, 1),
('614011810SM', 'Revi', 1, 1),
('614012000SM', 'Revi', 1, 1),
('614012050SM', 'Revi', 1, 1),
('614012200SM', 'Revi', 1, 1),
('614012400SM', 'Revi', 1, 1),
('614012550SM', 'Revi', 1, 1),
('614012600SM', 'REVI', 1, 1),
('614012650SM', 'Revi', 1, 0),
('614012670SM', 'REVI', 1, 1),
('614012840SM', 'REVI', 1, 1),
('614012850SM', 'Revi', 1, 1),
('614012900SM', 'Revi', 1, 1),
('614013500SM', 'Revi', 1, 0),
('614013600SM', 'Revi', 1, 0),
('614013800SM', 'REVI', 1, 1),
('700211200SM', 'Revi', 1, 1),
('700211300SM', 'Revi', 1, 0),
('700211310SM', 'REVI', 1, 0),
('700211320SM', 'REVI', 1, 0),
('700211321SM', 'REVI', 1, 1),
('700211322SM', 'REVI', 1, 1),
('700211323SM', 'REVI', 1, 0),
('700211330SM', 'REVI', 1, 1),
('700211340SM', 'REVI', 1, 0),
('700211700SM', 'Revi', 1, 1),
('800011010SM', 'REVI', 1, 0),
('111121100SM', 'Ricard', 1, 0),
('111121101SM', 'Ricard', 1, 0),
('111121105SM', 'Ricard', 1, 0),
('111121110SM', 'Ricard', 1, 0),
('111121111SM', 'RICARD', 1, 0),
('111121112SM', 'RICARD', 1, 0),
('111121120SM', 'Ricard', 1, 0),
('111121121SM', 'Ricard', 1, 0),
('111121122SM', 'Ricard', 1, 0),
('111121125SM', 'RICARD', 1, 0),
('111121130SM', 'Ricard', 1, 0),
('111203010SM', 'Ricard', 1, 0),
('111203015SM', 'Ricard', 1, 0),
('111203020SM', 'Ricard', 1, 0),
('111259010SM', 'RICARD', 1, 0),
('111259020SM', 'RICARD', 1, 0),
('111259050SM', 'RICARD', 1, 0),
('123111300SM', 'Ricard', 1, 1),
('123111400SM', 'Ricard', 1, 1),
('123211000SM', 'Ricard', 1, 0),
('125900000SM', 'Ricard', 1, 1),
('211030200SM', 'Ricard', 1, 1),
('310110100SM', 'Ricard', 1, 0),
('310110200SM', 'Ricard', 1, 0),
('410000000SM', 'Ricard', 1, 0),
('410000010SM', 'Ricard', 1, 0),
('410000510SM', 'Ricard', 1, 0),
('410010000SM', 'Ricard', 1, 0),
('410010010SM', 'Ricard', 1, 0),
('410020000SM', 'Ricard', 1, 0),
('510010000SM', 'Ricard', 1, 0),
('510010005SM', 'RICARD', 1, 0),
('510010070SM', 'RICARD', 1, 1),
('510010100SM', 'Ricard', 1, 0),
('510500000SM', 'RICARD', 1, 1),
('510500010SM', 'Ricard', 1, 0),
('611011100SM', 'Ricard', 1, 0),
('611011300SM', 'Ricard', 1, 0),
('611011400SM', 'Ricard', 1, 0),
('611011600SM', 'Ricard', 1, 0),
('611011700SM', 'Ricard', 1, 0),
('611011800SM', 'Ricard', 1, 0),
('611011900SM', 'Ricard', 1, 0),
('611012000SM', 'Ricard', 1, 0),
('611012002SM', 'Ricard', 1, 0),
('611012005SM', 'Ricard', 1, 0),
('611012010SM', 'Ricard', 1, 0),
('611012011SM', 'RICARD', 1, 0),
('611012015SM', 'RICARD', 1, 0),
('611012020SM', 'Ricard', 1, 1),
('611012025SM', 'RICARD', 1, 1),
('611012030SM', 'Ricard', 1, 0),
('611012100SM', 'Ricard', 1, 0),
('611012110SM', 'Ricard', 1, 0),
('611020000SM', 'Ricard', 1, 0),
('612011100SM', 'Ricard', 1, 0),
('612011110SM', 'Ricard', 1, 0),
('612011120SM', 'Ricard', 1, 0),
('612011200SM', 'Ricard', 1, 0),
('612011705SM', 'Ricard', 1, 0),
('612011800SM', 'Ricard', 1, 0),
('612011910SM', 'Ricard', 1, 0),
('612011920SM', 'Ricard', 1, 0),
('612011930SM', 'Ricard', 1, 0),
('612011940SM', 'Ricard', 1, 0),
('612012000SM', 'Ricard', 1, 0),
('612019000SM', 'Ricard', 1, 0),
('613011100SM', 'Ricard', 1, 0),
('613011200SM', 'Ricard', 1, 0),
('613011400SM', 'Ricard', 1, 0),
('613019000SM', 'Ricard', 1, 0),
('614011100SM', 'Ricard', 1, 0),
('614011200SM', 'RICARD', 1, 1),
('614011400SM', 'Ricard', 1, 0),
('614011510SM', 'Ricard', 1, 0),
('614011550SM', 'Ricard', 1, 0),
('614011560SM', 'RICARD', 1, 0),
('614011600SM', 'Ricard', 1, 1),
('614011610SM', 'RICARD', 1, 1),
('614011800SM', 'Ricard', 1, 0),
('614011810SM', 'Ricard', 1, 0),
('614012000SM', 'Ricard', 1, 1),
('614012050SM', 'Ricard', 1, 1),
('614012200SM', 'Ricard', 1, 0),
('614012400SM', 'RICARD', 1, 1),
('614012500SM', 'Ricard', 1, 0),
('614012550SM', 'Ricard', 1, 0),
('614012600SM', 'RICARD', 1, 1),
('614012650SM', 'Ricard', 1, 0),
('614012670SM', 'RICARD', 1, 1),
('614012840SM', 'RICARD', 1, 0),
('614012850SM', 'Ricard', 1, 0),
('614012900SM', 'Ricard', 1, 0),
('614013500SM', 'Ricard', 1, 0),
('614013600SM', 'Ricard', 1, 0),
('614013800SM', 'RICARD', 1, 0),
('700211200SM', 'Ricard', 1, 0),
('700211300SM', 'Ricard', 1, 0),
('700211310SM', 'RICARD', 1, 0),
('700211320SM', 'RICARD', 1, 0),
('700211321SM', 'RICARD', 1, 0),
('700211322SM', 'RICARD', 1, 0),
('700211323SM', 'RICARD', 1, 0),
('700211330SM', 'RICARD', 1, 0),
('700211340SM', 'RICARD', 1, 0),
('700211700SM', 'Ricard', 1, 1),
('800011000SM', 'Ricard', 1, 0),
('800011010SM', 'RICARD', 1, 0),
('800012000SM', 'Ricard', 1, 0);

INSERT INTO `areas` (`areacode`, `areadescription`) VALUES
('RSC', 'Retail - Cash PT SMH'),
('RSR', 'Retail - Credit Card PT SMH'),
('RSZ', 'Retail - Others PT SMH');

INSERT INTO `cogsglpostings` (`id`, `area`, `stkcat`, `glcode`, `salestype`) VALUES
(90, 'RSC', 'ANY', '510010000SM', 'AN'),
(91, 'RSR', 'ANY', '510010000SM', 'AN'),
(92, 'RSZ', 'ANY', '510010000SM', 'AN');

INSERT INTO `fixedassetcategories` (`categoryid`, `categorydescription`, `costact`, `depnact`, `disposalact`, `accumdepnact`, `defaultdepnrate`, `defaultdepntype`) VALUES
('FURNIS', 'Furniture-SM', '123111300SM', '614012650SM', '614012650SM', '123111300SM', 0.2, 1),
('HDWARS', 'Hardware-SM', '123111300SM', '614012650SM', '614012650SM', '123111300SM', 0.2, 1),
('RENTSS', 'Rental Locations- SM', '125900000SM', '614011600SM', '614011600SM', '125900000SM', 0.2, 1),
('VEHICS', 'Vehicles - SM', '123111400SM', '614012650SM', '614012650SM', '123111400SM', 0.2, 1);

INSERT INTO `fixedassetlocations` (`locationid`, `locationdescription`, `parentlocationid`) VALUES
('PTSMH', 'PT. Sungai Mutiara Hitam', '');

INSERT INTO `klretailpartners` (`partnercode`, `partnername`, `partnernameinvoice`, `partneraddress`, `partneraddressjalan`, `partneraddressblok`, `partneraddressnomor`, `partneraddressrt`, `partneraddressrw`, `partneraddresskecamatan`, `partneraddresskelurahan`, `partneraddresskabupaten`, `partneraddresspropinsi`, `partneraddresskodepos`, `partnertelepon`, `partnernpwp`, `partnernpwpinvoice`, `ppn`, `accountppn`, `daysinvoicedue`, `areasalescreditcard`, `areasalescash`, `areasalescashothers`, `cashsalesreported`, `hppcompensation`, `accounthppcompensation`, `accountbankdanamon`, `accountbankmandiri`, `accountbankbca`, `accountcomissioncreditcard`, `comissionccdanamon`, `comissionamexdanamon`, `comissionccmandiri`, `comissionccbca`, `comissionamexbca`, `percentconsignmentptadu`, `accountconsignmentsalesptadu`, `accountconsignmentcogspartner`, `counterinvoicea`, `counterinvoiceb`, `counterinvoicec`, `accountwechat`, `comissionwechat`, `accountcomissionwechat`, `accountqris`, `comissionqris`, `accountcomissionqris`) VALUES
('PTSMH', 'PT. Sungai Mutiara Hitam', 'PT. Sungai Mutiara Hitam', 'Jl. Kesambi No 1 Kerobokan, Bali', 'Jl. Kesambi', '', 'No. 1', '', '', 'Kerobokan', '', '', 'Bali', '80361', '', 'XXXXXX', 'XXXXXX', 11.00, '611012030SH', 7, 'RSR', 'RSC', 'RSZ', 90.00, 100.00, '510010050', '111121105SM', '111121101SM', '111121110SM', '700211300SM', 1.70, 3.00, 1.70, 1.70, 2.80, 50.00, '410010000AD', '510010005SM', 9040, 9041, 9042, '111121105SM', 1.80, '700211310SM', '111121101SM', 0.70, '700211330SM');


INSERT INTO `pcexpenses` (`codeexpense`, `description`, `glaccount`, `tag`, `klretentionpph23`) VALUES
('ADVERT-SM-ONLINE', 'Advertisment Promotion Online for PT SMH', '612011110SM', 0, 0.00),
('ASSETS-SM', 'Payments Assets PT SMH (Hardware-Computers, etc)', '123111300SM', 0, 0.00),
('BANJAR-TOKO-SM', 'Banjar Toko-Toko PT SMH', '614013800SM', 0, 0.00),
('BANK-FEES-SM', 'Bank fees for rekening, transfers, etc PT SMH', '700211700SM', 0, 0.00),
('BENSIN-KANTOR-SM', 'Bensin motorbike / car PT SMH', '614012840SM', 0, 0.00),
('HEALTH-SM', 'COVID-19 Health related payments - PT SMH', '611011700SM', 0, 0.00),
('JASA-SERVICE-2%-SM', 'Payments for services at toko and kantor 2% PPH23', '614012000SM', 0, 2.00),
('JASA-SERVICE-4%-SM', 'Payments for services at toko and kantor 4% PPH23', '614012000SM', 0, 4.00),
('KOMPUTER-HW-SM', 'Small Hardware, IT accessories', '614012050SM', 0, 0.00),
('KOMPUTER-SERVIS-SM', 'Service computer, software, printer, etc', '613011200SM', 0, 4.00),
('KOMPUTER-WEB-SM', 'Web services payments', '614011200SM', 0, 0.00),
('KONSUL-PAJAK-SM', 'Payment for consultant Pajak PT SMH', '614011800SM', 0, 0.00),
('LISTRIK-KANTOR-SM', 'Electricity for Kantor PT SMH', '614011400SM', 0, 0.00),
('LISTRIK-TOKO-SM', 'Electricity for Toko PT SMH', '614011400SM', 0, 0.00),
('MAINT-KANTOR-SM', 'Maintenance Kantor PT SMH', '614012000SM', 0, 0.00),
('MAINT-MOBIL-SE-SM', 'Maintenance Sepeda Motor PT SMH', '614012850SM', 0, 0.00),
('MAINT-TOKO-SM', 'Maintenance Toko PT SMH', '614012000SM', 0, 0.00),
('OFFICE-MAT-SM', 'Office material for PT SMH', '614012050SM', 0, 0.00),
('PACKAGING-TOKO-SM', 'Packaging material for toko PT SMH', '612011705SM', 0, 0.00),
('PARKIR-KANTOR-SM', 'Payment parkir Kantor', '614012900SM', 0, 0.00),
('PARKIR-TOKO-SM', 'Parkir Toko PT SMH', '614012900SM', 0, 0.00),
('PEMBERSIH-SM', 'Pembersih Kantor', '614011550SM', 0, 0.00),
('PERIZINAN-SM', 'Payment Perizinan PT Bumi Biru', '614012200SM', 0, 0.00),
('PERSO-GATHERING-SM', 'Payments for team gatherings', '611012110SM', 0, 0.00),
('PERSO-IKLAN-SM', 'Iklan for staff reruiting', '611012100SM', 0, 2.00),
('PERSO-TRAINING-SM', 'Payments related to Training of staff', '611012100SM', 0, 0.00),
('PPH23-SM', 'Payment PPH23', '611012005SM', 0, 0.00),
('PPN-SM', 'Payment Tunjangan PPN PT SMH', '611012030SM', 0, 0.00),
('RENOVASI-TOKO-SM', 'Renovasi - Decorasi Toko PT SMH', '614012550SM', 0, 0.00),
('RENT-VEHICLE-SM', 'Rental of PickUp - Tax - Car - Motorbike PT SMH', '614012850SM', 0, 0.00),
('SAL-BENSIN-SM', 'Salaries-Uang Bensin PT SMH', '611011300SM', 0, 0.00),
('SAL-COMMISSION-SM', 'Salaries-Commission-Bonus PT SMH', '612011200SM', 0, 0.00),
('SAL-FIXMONTH-SM', 'Salaries-Fixed salary payable PT SMH', '611011100SM', 0, 0.00),
('SAL-JAMSOSTEK-SM', 'Salaries-Jamsostek deduction PT SMH', '611011700SM', 0, 0.00),
('SAL-LAINLAIN-SM', 'Salaries-Lain-lain (payment-deductions) PT SMH', '611011100SM', 0, 0.00),
('SAL-MAKAN-SM', 'Salaries-Uang makan PT SMH', '611011400SM', 0, 0.00),
('SAL-PPH21-SM ', 'Salaries-PPh21 deduction PT SMH', '611012000SM', 0, 0.00),
('SAL-SHIFTS-SM', 'Salaries-Extra Shifts PT SMH', '611011600SM', 0, 0.00),
('SAL-THR-SM', 'Salaries-THR PT SMH', '611011800SM', 0, 0.00),
('SAMPLES-NO-ERP-SM', 'Samples not in stock webERP', '612011800SM', 0, 0.00),
('SERVIS-STOCK-SM', 'Service (Maintenance) stock goods PT SMH', '613019000SM', 0, 0.00),
('SHIP-OTHERS-SM', 'Shipping Cost for PT SMH', '612011910SM', 0, 2.00),
('SMALL-SUPPLIERS-SM', 'cash small suppliers BB', '510010070SM', 0, 0.00),
('TELPON-TOKO-SM', 'Phone payments for Toko PT SMH', '614011100SM', 0, 0.00),
('TRIP-INDO-SM', 'Airplane, hotel, etc inside Indonesia', '614013500SM', 0, 0.00),
('TRIP-OUT-INDO-SM', 'Airplane, hotel, etc outside Indonesia', '614013600SM', 0, 0.00),
('WATER-PDAM-SM', 'Water (PDAM) for PT SMH', '614011510SM', 0, 0.00);

INSERT INTO `pcsalaries` (`salariescompany`, `salariespaymentmethod`, `salariesexpense`, `pctabcode`, `pcexpensecode`) VALUES
('PTSMH', 'BANK', 'BENSIN', 'SALARIES-SM', 'SAL-BENSIN-SM'),
('PTSMH', 'BANK', 'COMMISSIONS', 'SALARIES-SM', 'SAL-COMMISSION-SM'),
('PTSMH', 'BANK', 'FIXED', 'SALARIES-SM', 'SAL-FIXMONTH-SM'),
('PTSMH', 'BANK', 'JAMSOSTEK', 'SALARIES-SM', 'SAL-JAMSOSTEK-SM'),
('PTSMH', 'BANK', 'MAKAN', 'SALARIES-SM', 'SAL-MAKAN-SM'),
('PTSMH', 'BANK', 'OTHERS', 'SALARIES-SM', 'SAL-LAINLAIN-SM'),
('PTSMH', 'BANK', 'PPH21', 'SALARIES-SM', 'SAL-PPH21-SM'),
('PTSMH', 'BANK', 'ROUND', 'SALARIES-SM', 'SAL-ROUNDING'),
('PTSMH', 'BANK', 'SHIFTS', 'SALARIES-SM', 'SAL-SHIFTS-SM'),
('PTSMH', 'BANK', 'THR', 'SALARIES-SM', 'SAL-THR-SM'),
('PTSMH', 'CASH', 'BENSIN', 'SALARIES-CASH', 'SAL-BENSIN-CASH'),
('PTSMH', 'CASH', 'COMMISSIONS', 'SALARIES-CASH', 'SAL-COMMISSION-CASH'),
('PTSMH', 'CASH', 'FIXED', 'SALARIES-CASH', 'SAL-FIXMONTH-CASH'),
('PTSMH', 'CASH', 'JAMSOSTEK', 'SALARIES-CASH', 'SAL-LAINLAIN-CASH'),
('PTSMH', 'CASH', 'MAKAN', 'SALARIES-CASH', 'SAL-MAKAN-CASH'),
('PTSMH', 'CASH', 'OTHERS', 'SALARIES-CASH', 'SAL-LAINLAIN-CASH'),
('PTSMH', 'CASH', 'PPH21', 'SALARIES-CASH', 'SAL-LAINLAIN-CASH'),
('PTSMH', 'CASH', 'ROUND', 'SALARIES-CASH', 'SAL-ROUNDING'),
('PTSMH', 'CASH', 'SHIFTS', 'SALARIES-CASH', 'SAL-SHIFTS-CASH'),
('PTSMH', 'CASH', 'THR', 'SALARIES-CASH', 'SAL-THR-CASH');

INSERT INTO `pctabexpenses` (`typetabcode`, `codeexpense`) VALUES
('SHOP-MANAGER', 'PARKIR-KANTOR-SM'),
('PURCHASING', 'PPN-SM'),
('ADMINISTRATION', 'PPN-SM'),
('ADMINISTRATION', 'PERSO-IKLAN-SM'),
('ADMINISTRATION', 'JASA-SERVICE-2%-SM'),
('ADMINISTRATION', 'JASA-SERVICE-4%-SM'),
('OFFICE-MANAGER', 'OFFICE-MAT-SM'),
('OFFICE-MANAGER', 'MAINT-KANTOR-SM'),
('OFFICE-MANAGER', 'KONSUL-PAJAK-SM'),
('OFFICE-MANAGER', 'PEMBERSIH-SM'),
('OFFICE-MANAGER', 'PARKIR-KANTOR-SM'),
('OFFICE-MANAGER', 'PPN-SM'),
('OFFICE-MANAGER', 'PACKAGING-TOKO-SM'),
('OFFICE-MANAGER', 'MAINT-MOBIL-SE-SM'),
('OFFICE-MANAGER', 'RENT-VEHICLE-SM'),
('OFFICE-MANAGER', 'PERIZINAN-SM'),
('OFFICE-MANAGER', 'PERSO-IKLAN-SM'),
('OFFICE-MANAGER', 'JASA-SERVICE-2%-SM'),
('OFFICE-MANAGER', 'JASA-SERVICE-4%-SM'),
('BUSDEV', 'SERVIS-STOCK-SM'),
('SHOP-SUPPORT-LEADER', 'PACKAGING-TOKO-SM'),
('COURIER', 'MAINT-MOBIL-SE-SM'),
('COURIER', 'PPN-SM'),
('OFFICE-MANAGER', 'ASSETS-SM'),
('OFFICE-MANAGER', 'BENSIN-KANTOR-SM'),
('SHOP-MANAGER', 'BENSIN-KANTOR-SM'),
('SALARIES', 'SAL-FIXMONTH-SM'),
('SALARIES', 'SAL-BENSIN-SM'),
('SALARIES', 'SAL-COMMISSION-SM'),
('SALARIES', 'SAL-JAMSOSTEK-SM'),
('SALARIES', 'SAL-PPH21-SM'),
('SALARIES', 'SAL-LAINLAIN-SM'),
('SALARIES', 'SAL-SHIFTS-SM'),
('SALARIES', 'SAL-THR-SM'),
('SALARIES', 'SAL-MAKAN-SM'),
('SHOP-SUPPORT-LEADER', 'PPN-SM'),
('OFFICE-MANAGER', 'PERSO-GATHERING-SM'),
('ADMINISTRATION', 'PERSO-TRAINING-SM'),
('ADMINISTRATION', 'SAL-LAINLAIN-SM'),
('SHOP-SUPPORT-LEADER', 'LISTRIK-KANTOR-SM'),
('ADMINISTRATION', 'RENT-VEHICLE-SM'),
('PURCHASING', 'SHIP-OTHERS-SM'),
('OFFICE-MANAGER', 'HEALTH-SM'),
('ADMINISTRATION', 'KOMPUTER-HW-SM'),
('SHOP-SUPPORT-LEADER', 'SERVIS-STOCK-SM'),
('ADMINISTRATION', 'OFFICE-MAT-SM'),
('SHOP-SUPPORT-LEADER', 'OFFICE-MAT-SM'),
('ADMINISTRATION', 'BANJAR-TOKO-SM'),
('ADMINISTRATION', 'RENOVASI-TOKO-SM'),
('OFFICE-MANAGER', 'RENOVASI-TOKO-SM'),
('ADMINISTRATION', 'MAINT-TOKO-SM'),
('COURIER', 'MAINT-TOKO-SM'),
('OFFICE-MANAGER', 'MAINT-TOKO-SM'),
('ADMINISTRATION', 'TELPON-TOKO-SM'),
('ADMINISTRATION', 'WATER-PDAM-SM'),
('COURIER', 'PARKIR-TOKO-SM'),
('ADMINISTRATION', 'LISTRIK-TOKO-SM'),
('ADMINISTRATION', 'MAINT-KANTOR-SM'),
('ADMINISTRATION', 'MAINT-MOBIL-SE-SM'),
('SHOP-SUPPORT-LEADER', 'LISTRIK-TOKO-SM'),
('SHOP-SUPPORT-TEAM', 'LISTRIK-KANTOR-SM'),
('SHOP-SUPPORT-TEAM', 'LISTRIK-TOKO-SM'),
('SHOP-SUPPORT-TEAM', 'OFFICE-MAT-SM'),
('SHOP-SUPPORT-TEAM', 'PPN-SM'),
('OFFICE-MANAGER', 'LISTRIK-TOKO-SM'),
('SHOP-SUPPORT-LEADER', 'PEMBERSIH-SM'),
('OFFICE-MANAGER', 'SERVIS-STOCK-SM'),
('SHOP-SUPPORT-LEADER', 'RENT-VEHICLE-SM'),
('PARTNER-ADU', 'SMALL-SUPPLIERS-SM'),
('COURIER', 'OFFICE-MAT-SM'),
('COURIER', 'PEMBERSIH-SM'),
('COURIER', 'WATER-PDAM-SM'),
('COURIER', 'BANJAR-TOKO-SM'),
('COURIER', 'RENOVASI-TOKO-SM'),
('OFFICE-MANAGER', 'SAMPLES-NO-ERP-SM'),
('PARTNER-ADU', 'ASSETS-SM'),
('PARTNER-ADU', 'RENT-VEHICLE-SM'),
('ADMINISTRATION', 'PARKIR-TOKO-SM'),
('BUSDEV', 'RENOVASI-TOKO-SM'),
('ADMINISTRATION', 'BENSIN-KANTOR-SM'),
('COURIER', 'JASA-SERVICE-4%-SM'),
('ADMINISTRATION', 'KOMPUTER-SERVIS-SM'),
('COURIER', 'LISTRIK-KANTOR-SM'),
('ADMINISTRATION', 'PERSO-GATHERING-SM'),
('COURIER', 'BENSIN-KANTOR-SM'),
('SHOP-MANAGER', 'LISTRIK-TOKO-SM'),
('PURCHASING', 'RENT-VEHICLE-SM'),
('PURCHASING', 'OFFICE-MAT-SM'),
('SHOP-MANAGER', 'SAMPLES-NO-ERP-SM'),
('ADMINISTRATION', 'PPH23-SM'),
('ADMINISTRATION', 'LISTRIK-KANTOR-SM'),
('COURIER', 'MAINT-KANTOR-SM'),
('PURCHASING', 'SERVIS-STOCK-SM'),
('COURIER', 'PARKIR-KANTOR-SM');

INSERT INTO `pctabs` (`tabcode`, `usercode`, `typetabcode`, `currency`, `tablimit`, `assigner`, `authorizer`, `glaccountassignment`, `glaccountpcash`) VALUES
('IKE-IDR CEK SM', 'Ike1', 'OFFICE-MANAGER', 'IDR', 0, 'Ike1', 'Ricard', '111121105SM', '111111209'),
('REVI-IDR CEK SM', 'Revi', 'ADMINISTRATION', 'IDR', 10000000, 'Revi', 'Ricard', '111121105SM', '111111209'),
('SALARIES-SM', 'Revi', 'SALARIES', 'IDR', 999999999, 'IinSukma,Revi', 'Ricard', '111121105SM', '111111309');

INSERT INTO `salesglpostings` (`id`, `area`, `stkcat`, `discountglcode`, `salesglcode`, `salestype`) VALUES
(60, 'RSC', 'ANY', '410000000SM', '410000000SM', 'AN'),
(61, 'RSR', 'ANY', '410000010SM', '410000010SM', 'AN');

INSERT INTO `scripts` (`script`, `pagesecurity`, `description`) VALUES
('KLGLAccountsSMH.php', 40450, 'Defines the general ledger accounts for PT. Sungai Mutiara Hitam'),
('KLGLBalanceSheetSMH.php', 999999, 'Shows the balance sheet for PT. Sungai Mutiara Hitam as at a specified date'),
('KLGLProfit_LossSMH.php', 40410, 'Shows the profit and loss of PT. Sungai Mutiara Hitam for the range of periods entered');

INSERT INTO `systypes` (`typeid`, `typename`, `typeno`) VALUES
(9041, 'PTSMH Customer Invoice CASH-B', 0),
(9042, 'PTSMH Customer Invoice CASH-C', 0),
(9040, 'PTSMH Customer Invoice CC-A', 0);


COMMIT;
